V1,V2,weight
1,3,2
1,7,5
1,10,7785
1,11,17458
1,12,602
1,16,403
1,17,2934
1,23,76
1,25,197
1,28,2
1,32,2890
1,33,2
1,36,14
1,37,7
1,38,1
1,40,3
1,42,2
1,43,22
1,44,14
1,46,7
1,47,234
1,50,2166
1,52,4
1,53,112
1,54,2
1,57,16
1,58,1
1,59,7
1,60,1406
1,61,4397
1,64,3
1,65,30026
1,67,5223
1,75,942
1,76,12
1,77,10196
1,78,2890
1,79,951142
1,80,9
1,81,182
1,83,12203
1,85,40
1,86,8
1,87,644
1,88,3
1,90,258
1,91,36
1,92,20
1,96,199
1,97,37
1,98,1
1,100,173
1,104,2
1,107,3
1,109,1
1,110,1
1,113,41
1,114,69
1,115,5803
1,116,38
1,119,5
1,120,5684
1,122,1560592
1,123,1
1,124,27
1,127,5
1,128,93
1,129,11
1,131,32
1,132,17
1,133,141
1,134,945
1,135,1
1,143,279
1,144,22
1,147,10
1,149,194
1,150,124
1,151,6
1,154,13064
1,155,4686
1,156,1213
1,157,1950
1,158,16
1,159,1
1,164,3846
1,165,18
1,168,1520
1,170,9354
1,172,1361
1,174,106
1,176,4
1,179,1
2,7,20
2,10,66
2,11,106
2,17,484
2,32,1243
2,47,6
2,50,20
2,53,6
2,60,4
2,61,2911
2,65,472
2,67,143
2,75,2
2,76,3
2,81,75
2,83,356
2,97,75
2,104,4
2,115,13
2,116,1
2,120,15
2,129,2
2,144,1
2,149,2
2,154,297
2,155,64
2,170,1823
2,172,2194
3,4,1
3,7,34
3,10,12
3,11,52
3,17,47
3,21,1
3,22,1
3,23,7
3,25,2
3,31,2
3,32,355
3,46,8
3,47,1
3,50,9
3,55,1
3,57,2
3,60,20
3,61,1384
3,65,289
3,67,33
3,75,16
3,81,188
3,83,146
3,86,2
3,93,1
3,94,1
3,95,4
3,100,2
3,104,1
3,109,1
3,115,26
3,116,6
3,120,20
3,122,22
3,128,4
3,131,5
3,133,5
3,139,9
3,143,2
3,147,4
3,149,38
3,151,1
3,154,61
3,155,158
3,156,8
3,163,13
3,164,3
3,168,1
3,170,334
3,172,145
3,178,1
4,7,14
4,10,2
4,11,121
4,17,100
4,20,1
4,22,2
4,23,1083
4,28,5
4,31,12
4,32,226
4,34,15
4,40,2
4,41,303
4,47,19
4,49,561
4,50,2
4,53,2
4,60,157
4,61,3349
4,62,3
4,65,796
4,67,3
4,70,1
4,75,5
4,77,1
4,81,249
4,83,40
4,97,15
4,99,1
4,103,1
4,104,3
4,109,2
4,110,3
4,115,183
4,120,58
4,129,2
4,131,3
4,132,1
4,133,2
4,134,9
4,135,5
4,139,1
4,147,3042
4,149,12
4,153,9
4,154,68
4,155,918
4,168,29
4,170,294
4,172,133
4,180,1
5,147,1
6,32,51
6,170,2
6,172,3
7,10,1
7,23,11
7,32,85
7,36,1
7,53,2
7,61,4
7,65,12
7,123,1
7,154,1
7,155,2
7,170,1
7,172,73
8,7,79
8,10,3
8,11,957
8,16,4
8,17,126
8,23,3
8,25,25
8,32,180
8,42,1
8,43,1
8,46,26
8,47,69
8,50,73
8,53,4
8,57,2
8,60,2
8,61,4034
8,65,1191
8,67,11
8,75,45
8,76,4
8,81,10
8,82,2
8,83,274
8,96,3
8,97,2
8,115,562
8,120,13
8,126,1
8,127,1
8,128,78
8,129,3
8,131,2
8,132,20
8,133,1
8,134,3
8,143,10
8,149,18
8,151,5
8,154,559
8,155,120
8,164,1
8,168,200
8,170,38
8,172,2440
9,32,6
9,65,5
9,83,1
9,154,3
9,170,3
9,172,2
10,61,1
10,65,1
10,155,1
10,172,1
11,8,1501
11,10,1
11,16,14
11,17,76
11,25,1
11,32,291
11,43,5
11,47,31
11,50,59
11,53,2
11,60,30
11,61,2816
11,64,1
11,65,2171
11,67,10
11,75,13
11,81,14
11,83,61
11,91,5
11,96,3
11,97,14
11,115,621
11,120,32
11,128,8
11,132,6
11,134,18
11,149,36
11,154,783
11,155,79
11,164,4
11,165,7
11,168,169
11,170,83
11,172,339
11,174,1
12,32,31
12,65,1
12,147,3
12,172,180
13,10,92
13,32,15
13,61,3
13,65,55
13,81,1
13,83,4
13,92,19
13,115,2
13,116,22
13,154,14
13,155,4
13,170,146
13,172,44
14,7,5
14,10,380
14,11,201
14,17,19
14,23,5
14,25,7
14,32,1112
14,38,2
14,43,1
14,46,3
14,47,1
14,50,16
14,53,2
14,57,3
14,60,19
14,61,3960
14,65,186
14,67,200
14,75,7
14,81,13
14,83,2545
14,85,22
14,97,1
14,100,16
14,102,8
14,104,4
14,113,4
14,114,2
14,115,42
14,116,6
14,120,11
14,124,2
14,126,16
14,127,1
14,128,7
14,129,2
14,131,83
14,133,2
14,134,13
14,143,2
14,146,5
14,147,861
14,149,15
14,152,1
14,154,228
14,155,56
14,162,10
14,164,1
14,168,2
14,170,940
14,172,1121
14,178,2
15,7,1
15,10,3
15,11,102
15,17,48
15,25,1
15,32,182
15,42,1
15,43,4
15,47,364
15,50,6
15,53,1
15,57,7
15,60,13
15,61,515
15,65,154
15,67,4
15,76,1
15,81,51
15,83,36
15,91,7
15,96,33
15,97,7
15,102,9
15,108,1
15,115,87
15,116,2
15,120,21
15,123,7
15,126,2
15,128,206
15,129,20
15,132,1
15,143,5
15,149,14
15,154,166
15,155,40
15,168,20
15,170,178
15,172,1804
15,173,1
16,32,16
16,65,4
16,154,8
16,172,37
17,32,10
17,104,1
17,170,2
17,172,38
18,7,1
18,10,1
18,11,4
18,17,33
18,28,1
18,32,46
18,35,1
18,40,1
18,50,1
18,54,1
18,60,1
18,61,26
18,65,34
18,66,1
18,81,1
18,83,119
18,115,7
18,120,1
18,147,1
18,154,5
18,155,28
18,163,1
18,170,12
18,172,85
19,7,3
19,11,11
19,17,2
19,23,150
19,32,105
19,36,2
19,40,3
19,42,2
19,60,2
19,61,35
19,65,7
19,69,1
19,81,6
19,83,9
19,104,1
19,125,17
19,126,7
19,149,8
19,154,70
19,155,1
19,170,16
19,172,110
19,173,3
20,7,6
20,11,179
20,17,52
20,23,4
20,32,64
20,43,155
20,46,15
20,47,13
20,50,40
20,53,1
20,60,17
20,61,4055
20,65,1412
20,77,1
20,81,14
20,83,478
20,86,9
20,97,7
20,108,113
20,115,69
20,120,14
20,123,3
20,126,5
20,129,11
20,133,2
20,140,9288
20,144,8
20,147,1
20,149,1
20,154,261
20,155,2274
20,159,6
20,168,1
20,170,37
20,172,151
21,10,1
21,32,284
21,65,1
21,115,1
21,170,17
21,172,4
22,7,1
22,10,4
22,11,1
22,32,124
22,53,3
22,60,4
22,61,11
22,65,35
22,81,3
22,83,43
22,99,2
22,104,1
22,115,1
22,116,1
22,147,1
22,154,8
22,155,11
22,170,14
22,172,627
24,7,2
24,11,1
24,17,19
24,32,432
24,42,1
24,47,16
24,61,73
24,65,85
24,81,35
24,115,1
24,116,6
24,120,11
24,126,2
24,147,5
24,154,22
24,155,11
24,170,3
24,172,544
25,11,12
25,17,72
25,23,4
25,28,3
25,31,1
25,32,124
25,34,7
25,46,2
25,47,1
25,50,2
25,60,3
25,61,114
25,65,36
25,66,3
25,67,14
25,75,1
25,81,1
25,83,764
25,97,1
25,103,1
25,109,1
25,115,13
25,120,4
25,123,1
25,149,3
25,154,3
25,155,17
25,156,5
25,168,1
25,170,5
25,172,929
26,3,1
26,4,9
26,7,3
26,10,31
26,11,19
26,17,311
26,22,44
26,23,37
26,25,1
26,28,36
26,31,61
26,32,2074
26,34,26
26,38,1
26,41,89
26,47,2
26,49,23163
26,50,6
26,53,2
26,54,24
26,58,52
26,60,2
26,61,375
26,62,8
26,65,71
26,66,1
26,67,3
26,70,7
26,71,13
26,81,22
26,82,1
26,83,14
26,85,7
26,88,848
26,97,1
26,99,1479
26,100,1
26,101,14
26,104,1
26,109,1
26,110,1119
26,112,216
26,115,743
26,119,8
26,120,120
26,131,4
26,133,1
26,135,70848
26,139,50
26,147,3819
26,149,3
26,151,2
26,153,144
26,154,436
26,155,67
26,161,4
26,163,1
26,164,2
26,167,26256
26,168,6
26,170,76
26,171,155755
26,172,652
26,176,1
26,179,2931
26,180,608
27,3,23
27,4,510
27,7,21
27,8,6
27,10,7
27,11,65
27,12,2
27,15,1
27,17,165
27,19,157
27,20,1
27,23,44
27,25,4
27,26,3
27,31,121
27,32,398
27,34,14
27,35,7
27,38,2
27,41,3
27,47,2
27,49,9
27,50,12
27,53,2
27,54,249
27,57,2
27,58,4
27,60,12
27,61,2654
27,62,2
27,63,192
27,65,181
27,66,10807
27,67,57
27,70,6668
27,71,17
27,75,21
27,77,9
27,81,21
27,82,4
27,83,5079
27,88,2
27,91,1
27,94,36041
27,95,1
27,96,1
27,97,6
27,100,3
27,101,975
27,102,6
27,103,267
27,104,4
27,109,276
27,115,612
27,118,55
27,119,117
27,120,29
27,127,8
27,129,34
27,131,27
27,133,4
27,134,2
27,139,45
27,141,22
27,143,3
27,147,48
27,149,265
27,153,1
27,154,71
27,155,178
27,156,3
27,158,19
27,161,2516
27,162,1
27,163,3
27,164,22
27,168,3
27,170,298
27,172,1574
27,173,2
27,176,1
27,178,1
27,180,10
28,23,2
28,61,1
28,65,3
28,83,17
28,155,1
28,170,4
29,10,22
29,11,1
29,17,9
29,28,28
29,31,3
29,32,153
29,50,1
29,60,5
29,61,11824
29,65,26
29,83,3
29,94,1
29,100,56
29,115,31
29,120,1
29,131,1
29,147,1
29,154,5
29,155,342
29,158,82
29,172,208
30,3,10
30,4,1
30,7,6
30,10,55
30,11,246
30,17,386
30,20,2
30,21,1
30,22,1
30,23,32
30,26,5
30,28,2
30,32,1103
30,34,3
30,35,8
30,36,1
30,37,1
30,41,2
30,43,1
30,46,19
30,47,6
30,49,3
30,50,6
30,53,2
30,54,1
30,60,72
30,61,816
30,62,3
30,65,515
30,66,5
30,67,73
30,75,30
30,76,2
30,77,1
30,78,1
30,81,79
30,82,1
30,83,708
30,85,15
30,86,1
30,88,2
30,95,1
30,96,5
30,97,9
30,100,2
30,102,9
30,103,5
30,104,15
30,109,55
30,112,6
30,115,120
30,116,4
30,118,6
30,119,161
30,120,18
30,123,8
30,128,6
30,129,11
30,131,15
30,133,25
30,139,12
30,143,6
30,144,2
30,147,540
30,149,27
30,153,1
30,154,142
30,155,215
30,163,1
30,164,8
30,168,3
30,170,383
30,172,4530
30,173,8
31,11,1
31,65,20
31,67,2
31,83,1
31,154,1
31,155,1
31,167,1
31,170,8
31,172,45
32,172,6
33,3,20
33,4,9
33,7,2
33,10,1
33,17,31
33,19,349
33,23,4
33,26,153
33,27,1
33,28,319
33,31,267463
33,32,53
33,35,63397
33,38,1
33,41,23664
33,46,1
33,49,107929
33,54,2
33,60,1
33,61,1607
33,62,26
33,65,3
33,66,102
33,67,7
33,70,57
33,75,1
33,81,10
33,82,1
33,83,63
33,86,1
33,97,1
33,98,1
33,100,3
33,101,979
33,103,410
33,109,71
33,115,10
33,117,1
33,118,29
33,119,149
33,120,7
33,128,1
33,129,3
33,133,8
33,139,97
33,147,8
33,148,1882
33,149,1
33,151,1439
33,154,1
33,155,11
33,161,476
33,163,5
33,164,1
33,167,13
33,170,9
33,172,211
34,3,1
34,4,184
34,7,1
34,10,3
34,11,1
34,17,41
34,23,2
34,26,112
34,28,17
34,31,1798
34,32,415
34,41,36
34,47,1
34,49,3
34,50,1
34,54,45
34,58,1
34,60,1
34,61,1232
34,62,647
34,65,24
34,66,8
34,67,1
34,70,1
34,81,2
34,82,2
34,83,383
34,86,1
34,95,20
34,97,2
34,101,2
34,102,3
34,103,4
34,109,2
34,115,5
34,116,1
34,118,164
34,119,74
34,120,4
34,123,2
34,131,1
34,135,7
34,138,1
34,139,17
34,147,5
34,151,8894
34,154,10
34,155,50
34,156,7
34,161,19
34,167,5
34,168,7
34,170,43
34,172,390
35,7,36
35,17,49
35,20,8
35,23,21
35,32,102
35,53,5
35,61,70
35,65,184
35,67,1
35,83,7
35,104,2
35,115,2
35,154,24
35,155,10
35,170,1
35,172,33
35,173,1
35,176,5
36,2,11
36,7,2
36,10,2955
36,11,499
36,17,1305
36,23,1
36,32,11415
36,40,1
36,46,3
36,47,13
36,50,21
36,53,12
36,54,3
36,55,2
36,60,93
36,61,3260
36,65,1406
36,67,38
36,75,6
36,76,3
36,77,110098
36,78,20
36,81,53
36,83,129
36,85,78
36,87,8
36,97,4
36,100,40
36,102,12
36,104,5
36,107,6
36,109,1
36,115,1236
36,116,137
36,120,651
36,126,2
36,127,2
36,128,14
36,131,35
36,133,3
36,134,5
36,138,14
36,143,5
36,147,6
36,149,17
36,154,262
36,155,3022
36,158,112
36,164,14
36,168,3
36,170,1837
36,172,74020
36,178,1
37,32,28
37,170,1
37,172,4
38,147,4
38,172,1
39,7,541
39,9,1
39,10,132
39,11,11
39,17,36
39,20,193
39,23,1280
39,32,13666
39,36,1054
39,42,2247
39,45,34
39,52,1
39,53,120685
39,55,4
39,60,2
39,61,475
39,65,61
39,69,6
39,74,1
39,75,1
39,82,2
39,83,506
39,91,1
39,104,264
39,115,135
39,116,21
39,117,6
39,120,11
39,123,15593
39,125,34
39,126,559
39,129,88
39,133,1
39,147,1
39,149,240
39,154,31
39,155,274
39,162,12
39,166,1
39,170,60
39,172,8043
39,173,140
39,176,173673
40,3,2
40,4,4
40,7,5
40,8,2
40,10,12
40,11,126
40,17,35
40,20,1
40,23,17
40,25,7
40,26,42
40,28,169
40,31,58
40,32,201
40,34,10
40,35,11
40,36,8
40,38,2
40,43,3
40,47,4
40,49,699
40,50,4
40,53,4
40,54,3
40,60,7
40,61,3225
40,62,112
40,63,8
40,65,178
40,66,2
40,67,37
40,70,12
40,71,3
40,75,10
40,77,1
40,81,204
40,83,499
40,86,1
40,88,24
40,97,5
40,101,25
40,103,9
40,104,17
40,109,11
40,110,12
40,112,2
40,115,587
40,116,3
40,118,3
40,119,4
40,120,8
40,123,2
40,125,1
40,126,2
40,127,1
40,128,6
40,129,1
40,131,1
40,133,11
40,134,2
40,139,19
40,143,3
40,147,6566
40,149,10
40,154,56
40,155,71
40,156,1
40,161,34
40,164,9
40,167,4
40,168,21
40,170,155
40,172,1344
40,173,3
40,176,2
40,179,2
40,180,15
41,7,5
41,23,2
41,32,190
41,36,3
41,83,1
41,97,1
41,117,1
41,123,2
41,172,174
42,7,1
42,10,3
42,11,4
42,17,6
42,21,6679
42,23,5
42,32,96
42,46,1
42,47,1
42,60,10
42,61,66
42,65,328
42,75,5
42,81,69
42,83,18
42,108,36
42,115,14
42,123,3
42,133,1
42,140,25996
42,154,10
42,155,43
42,170,5
42,172,51
43,7,265
43,9,1
43,10,2
43,11,21
43,13,7
43,17,3
43,20,9
43,23,143
43,25,1
43,32,1512
43,33,5
43,36,19
43,40,62
43,42,372
43,45,5
43,46,1
43,47,228
43,53,229
43,60,6
43,61,150
43,65,102
43,69,2
43,74,2
43,75,68
43,81,22
43,83,152
43,91,2
43,96,3
43,104,44
43,110,1
43,115,16
43,116,2
43,117,15
43,120,7
43,123,1118
43,125,66
43,126,523
43,128,17
43,129,8
43,132,3
43,133,3
43,140,1
43,143,33
43,149,919
43,154,77
43,155,42
43,162,40
43,164,1
43,166,3
43,170,16
43,172,476
43,173,8
44,172,35
45,170,2
45,172,2
46,10,1
46,17,6
46,32,259
46,61,29
46,65,837
46,81,100
46,102,1
46,116,23
46,126,1
46,154,2
46,155,6
46,172,20
47,10,26
47,17,46
47,32,126
47,50,10
47,60,2
47,65,101
47,81,1
47,82,3
47,89,1
47,97,6
47,115,56
47,120,13
47,128,1
47,134,72
47,149,1
47,154,6
47,155,2
47,170,608
47,172,19
47,178,1
48,3,42
48,4,12944
48,7,23
48,10,26
48,11,419
48,17,1008
48,19,1
48,22,80
48,23,1045
48,25,2
48,26,25
48,27,53029
48,28,157
48,30,1
48,31,512
48,32,3316
48,34,4798
48,35,185
48,36,9
48,37,4
48,41,12267
48,43,2
48,46,17
48,47,21
48,50,90
48,54,41
48,58,426
48,60,181
48,61,14182
48,62,43
48,63,40
48,65,1537
48,66,45
48,67,129
48,70,51
48,71,7
48,72,7
48,73,1
48,75,16
48,77,43
48,78,7
48,81,351
48,82,208
48,83,469
48,85,3
48,88,12046
48,91,1
48,92,5
48,93,20
48,94,10
48,95,14
48,96,1
48,97,32
48,98,1
48,99,5361
48,100,9
48,101,242
48,102,3
48,103,58
48,104,69
48,109,143
48,110,3415
48,112,1313
48,114,3
48,115,532
48,116,2
48,118,69
48,119,561
48,120,250
48,123,5
48,126,1
48,127,5
48,128,2
48,129,60
48,131,49
48,133,15
48,134,2
48,135,73864
48,139,22
48,143,8
48,144,8
48,146,3
48,147,32582
48,148,15916
48,149,80
48,151,64
48,153,320
48,154,309
48,155,1346
48,158,23
48,161,109
48,163,1
48,164,51
48,167,201782
48,168,69
48,170,1473
48,171,55803
48,172,842
48,178,5
48,179,19293
48,180,5414
49,32,6
49,154,3
50,10,3
50,17,228
50,32,350
50,47,2
50,54,5
50,58,76
50,60,1
50,61,149
50,65,1
50,83,1
50,88,2
50,115,1
50,120,2
50,128,1
50,147,1
50,154,9
50,155,8
50,170,3
50,172,224
50,178,1
51,7,1
51,17,1
51,23,3
51,32,172
51,53,4
51,60,3
51,61,30
51,65,15
51,67,4
51,75,1
51,83,8
51,104,8
51,117,1
51,123,4
51,126,10
51,154,1
51,155,2
51,172,114
52,7,17
52,10,2
52,20,4
52,23,57
52,32,176
52,36,18
52,40,9
52,47,4
52,60,3
52,61,28
52,65,18
52,81,1
52,83,15
52,104,1
52,115,8
52,123,1
52,124,1
52,126,4
52,133,2
52,149,1
52,154,14
52,155,11
52,170,19
52,172,579
52,173,7
52,176,4
53,2,3
53,7,4
53,10,1507
53,11,137
53,16,6
53,17,59
53,23,13
53,25,8
53,32,752
53,35,1
53,38,3
53,46,84
53,47,2
53,50,6
53,58,4
53,60,8
53,61,767
53,64,6
53,65,636
53,67,140
53,75,12
53,77,1
53,78,13
53,81,36
53,83,1397
53,86,56
53,87,1
53,88,6
53,89,2
53,91,5
53,92,45
53,95,3
53,96,1
53,97,4
53,100,1
53,102,43
53,104,3
53,113,1
53,115,198
53,116,22
53,120,27
53,127,1
53,128,46
53,129,1
53,131,10
53,132,3
53,133,21
53,134,11
53,143,1
53,147,5
53,149,11
53,151,24
53,154,274
53,155,86
53,156,27
53,158,4
53,164,30
53,168,3
53,170,473
53,172,10852
53,178,15
53,180,4
54,7,13
54,10,4
54,17,6
54,18,34
54,23,7
54,32,1403
54,36,6
54,40,7
54,42,203
54,60,5
54,61,18
54,65,8
54,67,6
54,69,88
54,74,6
54,83,165
54,104,946
54,115,2
54,116,4
54,117,220
54,120,1
54,123,271
54,126,3
54,149,4
54,154,59
54,170,14
54,172,11273
54,173,2
55,4,34
55,7,2
55,10,105
55,11,159
55,17,700
55,19,4
55,22,10
55,23,25
55,25,5
55,26,1
55,28,1
55,31,1
55,32,1811
55,35,39
55,38,1
55,40,4
55,42,2
55,43,4
55,44,16
55,46,5
55,47,17
55,50,3213
55,51,319
55,53,11
55,54,1405
55,57,1
55,58,155231
55,59,1
55,60,29
55,61,2208
55,65,10980
55,66,12
55,67,304
55,70,1
55,75,47
55,76,9
55,77,42
55,78,19
55,81,45
55,82,27812
55,83,11962
55,86,20
55,88,1229
55,91,1
55,92,20
55,95,443
55,96,11
55,97,51
55,100,5
55,101,7
55,102,915
55,104,7
55,109,1
55,112,2
55,115,10870
55,116,9
55,119,14
55,120,13490
55,126,1
55,127,4
55,128,28
55,129,29
55,131,2
55,133,1
55,134,2
55,135,1
55,138,31
55,139,1
55,143,6
55,144,5
55,146,33
55,147,2338
55,148,12
55,149,51
55,151,98676
55,153,2
55,154,20203
55,155,21000
55,156,28
55,163,9
55,164,82
55,167,3401
55,168,19
55,170,12383
55,172,4085
55,178,1278
55,179,13
55,180,15
56,10,1
56,11,3
56,17,1
56,32,10
56,61,8
56,65,2
56,81,7
56,147,6
56,154,1
56,172,279
57,4,1
57,7,3
57,10,231
57,11,145
57,16,8
57,17,103
57,20,2
57,22,5
57,23,20
57,25,12
57,28,2
57,32,2047
57,35,5
57,38,1
57,40,17
57,42,2
57,44,5
57,46,4
57,47,10
57,49,1
57,50,65
57,51,522
57,53,3
57,54,1085
57,56,26
57,60,93
57,61,653
57,62,1
57,65,2657
57,66,3
57,67,179
57,75,28
57,76,1
57,77,14
57,78,51
57,80,3
57,81,38
57,82,93
57,83,1894
57,85,17
57,86,3
57,87,1
57,88,21229
57,92,13
57,93,1
57,94,1
57,95,23
57,96,3
57,97,38
57,99,3
57,100,4
57,102,127
57,103,6
57,104,7
57,110,3
57,112,6
57,113,1
57,115,727
57,116,8
57,119,2
57,120,2012
57,122,5
57,123,2
57,124,1
57,126,2
57,127,2
57,128,3
57,129,3
57,131,89
57,133,4
57,134,4
57,135,3
57,139,2
57,140,3
57,146,2756
57,147,20324
57,148,4200
57,149,69
57,151,3194
57,153,4
57,154,901
57,155,1019
57,156,18
57,158,5
57,163,5
57,164,92
57,167,1495
57,168,18
57,169,7
57,170,1006
57,172,10566
57,176,2
57,178,5645
57,179,55
57,180,66
58,10,379
58,32,127
58,100,3
58,116,24
58,145,3
58,170,8
58,172,339
59,32,3
59,172,5
60,10,4
60,32,42
60,65,14
60,115,1
60,147,2
60,154,3
60,155,2
60,170,2
60,172,24
61,11,2
61,17,14
61,31,3
61,32,47
61,65,2
61,83,20
61,147,2
61,149,3
61,155,4
61,170,2
61,172,45
62,7,1
62,10,3
62,11,122
62,17,10
62,23,6
62,25,1
62,32,82
62,38,1
62,47,2
62,50,1
62,60,34
62,61,184
62,65,172
62,67,12
62,70,1
62,71,5
62,78,1
62,81,2
62,83,4919
62,94,1
62,97,4
62,101,1
62,102,12
62,103,2
62,115,40
62,120,14
62,126,4
62,129,5
62,131,1
62,133,2
62,134,1
62,139,69
62,149,8
62,151,1
62,154,108
62,155,50
62,163,1
62,168,1
62,170,1235
62,172,1371
62,176,2
63,7,3
63,8,8
63,10,14
63,11,681
63,16,81
63,17,51
63,23,10
63,25,3
63,32,449
63,42,1
63,43,4
63,46,85
63,47,34
63,50,4
63,57,3
63,60,4
63,61,2826
63,65,360
63,67,266
63,75,56
63,76,1
63,81,75
63,83,188
63,96,3
63,102,3
63,115,62
63,120,7
63,126,2
63,128,69
63,129,3
63,132,4
63,133,4
63,134,344
63,149,8
63,154,153
63,155,100
63,168,60
63,170,41
63,172,422
63,173,1
64,10,5
64,17,2
64,32,81
64,42,1
64,53,1
64,61,7
64,125,1
64,126,1
64,154,6
64,155,1
64,170,1
64,172,54
65,7,42
65,10,31
65,11,33
65,17,35
65,20,1
65,23,18
65,28,1
65,31,1
65,32,301
65,40,1
65,43,1
65,46,1
65,47,11
65,50,3
65,53,2
65,59,1
65,60,52
65,61,521
65,62,1
65,67,44
65,75,5
65,81,20
65,83,2502
65,91,2
65,92,2
65,97,4
65,102,3
65,104,5
65,115,5
65,119,3
65,120,4
65,122,1
65,123,2
65,126,3
65,127,2
65,129,2
65,131,5
65,139,1
65,147,16
65,149,1
65,154,43
65,155,15
65,161,18476
65,162,1
65,170,216
65,172,262
65,173,1
65,176,1
66,10,3
66,32,24
66,61,2
66,65,47
66,154,13
66,170,1
66,172,22
67,32,239
67,170,8
67,172,23
69,7,1
69,10,1
69,11,6
69,17,7
69,32,935
69,42,22
69,50,2
69,60,4
69,61,17
69,65,2
69,83,5
69,104,358
69,117,10
69,120,7
69,123,12
69,126,1
69,149,12
69,154,9
69,155,3
69,170,3
69,172,8864
69,176,3
70,3,1
70,4,107
70,7,8
70,10,9
70,11,126
70,17,3150
70,23,53
70,25,1
70,28,4
70,31,13
70,32,648
70,34,5
70,35,3
70,46,1
70,47,7
70,49,2
70,50,1
70,53,9
70,54,9
70,60,26
70,61,6005
70,65,641
70,67,46
70,71,10
70,75,4
70,81,22
70,83,1626
70,94,24
70,97,15
70,100,1
70,102,2
70,103,7
70,104,1
70,109,16
70,115,771
70,119,17
70,120,57
70,129,89
70,133,6
70,134,7
70,139,14
70,147,1
70,149,2
70,153,3
70,154,73
70,155,125
70,156,34
70,158,2
70,164,7
70,168,5
70,170,326
70,172,2862
70,179,1
71,4,1
71,7,15
71,11,4
71,17,11
71,23,14
71,32,15
71,50,3
71,53,1
71,60,1
71,61,931
71,63,9
71,65,24
71,83,320
71,102,1
71,115,3
71,119,5
71,120,3
71,129,13
71,147,1
71,154,7
71,155,54
71,168,1
71,170,10
71,172,24
72,17,2
72,32,391
72,61,13
72,120,1
72,170,14
72,172,90
73,4,1
73,7,65
73,11,1
73,17,4
73,23,3
73,32,8807
73,36,1
73,40,1
73,42,12
73,44,1
73,52,600
73,53,22
73,61,3445
73,65,16
73,74,6
73,83,9
73,84,8
73,104,175
73,115,2
73,120,1
73,123,16
73,126,27
73,135,1
73,149,21
73,154,1
73,155,1
73,162,2
73,170,2
73,172,21508
73,176,15
74,7,4
74,18,1
74,20,1
74,32,889
74,42,58
74,55,17
74,60,6
74,65,27
74,67,2
74,69,29
74,81,4
74,83,9
74,104,727
74,115,6
74,117,74
74,120,5
74,123,1
74,149,32
74,154,9
74,155,1
74,170,31
74,172,4918
75,7,1
75,17,54
75,23,1
75,32,973
75,40,7
75,61,66
75,65,291
75,81,4
75,116,3
75,120,3
75,126,6
75,154,3
75,155,9
75,172,21
75,176,1
77,7,23
77,10,337
77,11,61
77,17,22
77,23,1
77,25,4
77,32,3712
77,42,4
77,46,7
77,47,3
77,50,13
77,53,3
77,60,10
77,61,202
77,65,299
77,67,25
77,75,4
77,76,1
77,81,4
77,83,123
77,102,1
77,104,10
77,115,6
77,116,5
77,120,4
77,122,1
77,126,2
77,128,4
77,129,4
77,132,1
77,133,1
77,144,1
77,147,11
77,149,4
77,154,42
77,155,47
77,168,2
77,170,296
77,172,4581
78,10,226
78,32,308
78,38,2
78,46,1
78,60,2
78,61,6
78,65,20
78,67,12
78,81,1
78,86,1
78,100,782
78,104,1
78,113,3
78,115,22
78,116,1
78,120,1
78,124,9368
78,154,5
78,164,1
78,170,10
78,172,3183
79,1,30
79,2,9
79,7,22
79,8,30
79,10,5201
79,11,3379
79,12,71
79,16,10
79,17,934
79,23,52
79,25,72
79,28,6
79,30,3
79,31,3
79,32,2639
79,35,1
79,40,1
79,42,3
79,43,1
79,44,27
79,46,502
79,47,26
79,50,2009
79,52,1
79,53,24
79,54,4
79,55,1
79,60,606
79,61,2417
79,64,2
79,65,19763
79,67,543
79,74,3
79,75,104
79,76,25
79,77,72
79,78,316
79,80,8231
79,81,144
79,82,6
79,83,1573
79,85,24
79,86,6
79,88,8
79,89,9
79,90,2
79,91,19
79,92,20
79,96,6
79,97,136
79,100,247
79,102,20
79,104,27
79,113,191
79,114,6
79,115,4125
79,116,169
79,118,1
79,120,1487
79,122,42
79,123,3
79,124,35
79,125,1
79,126,10
79,127,48
79,128,20
79,129,23
79,131,35
79,132,2
79,133,69
79,134,9
79,143,36
79,144,45
79,147,3
79,149,67
79,150,6
79,154,4232
79,155,1604
79,156,38
79,157,5
79,158,31
79,163,4
79,164,5262
79,167,2
79,168,57
79,169,1
79,170,12667
79,172,5216
79,178,3
80,1,1
80,2,3
80,3,21
80,7,18
80,8,1019
80,10,2925
80,11,3732
80,12,16
80,14,237
80,15,1
80,16,9
80,17,1943
80,19,1
80,20,16
80,21,2
80,23,261
80,25,1339
80,32,1892
80,36,2
80,37,2
80,40,3
80,43,9
80,44,2
80,46,760
80,47,199
80,50,938
80,51,12
80,52,3
80,53,36
80,54,4347
80,55,5
80,57,1
80,58,2
80,60,4124
80,61,4787
80,64,553
80,65,51396
80,66,11
80,67,4348
80,75,396
80,76,6
80,77,287
80,78,217
80,79,28268
80,81,409
80,82,9
80,83,3428
80,85,3
80,86,33256
80,88,1
80,89,391
80,91,6
80,92,7234
80,94,3
80,95,2507
80,96,38
80,97,214
80,100,591
80,102,29
80,103,31
80,104,34
80,109,132
80,113,19
80,114,3
80,115,12397
80,116,166
80,118,6
80,119,1
80,120,4916
80,121,237
80,122,27
80,124,8
80,125,6
80,126,17
80,127,25
80,128,200
80,129,7
80,130,95
80,131,17
80,132,23
80,133,345
80,134,13
80,138,29
80,140,7
80,143,110
80,144,5
80,147,26
80,149,177
80,151,16
80,154,23886
80,155,3501
80,156,18253
80,157,2
80,158,75
80,159,1
80,161,5
80,163,13
80,164,24135
80,168,86
80,169,589
80,170,3014
80,172,5760
80,173,1
80,176,2
80,178,3404
81,32,4
81,65,1
81,147,1
81,170,2
81,172,1
82,10,27
82,11,10
82,17,15
82,20,1
82,32,494
82,36,1
82,47,2
82,60,1
82,61,5
82,65,26
82,67,2
82,83,4
82,96,2
82,115,2
82,116,2
82,120,14
82,134,1
82,154,35
82,155,2
82,170,11
82,172,145
83,7,1
83,10,5
83,32,18
83,65,13
83,134,1
83,147,1
83,154,3
83,155,6
83,172,22
84,17,2
84,32,813
84,45,7
84,53,1
84,61,13
84,65,6
84,69,1
84,81,2
84,83,1
84,104,2
84,115,145
84,154,2
84,162,5
84,170,354
84,172,514
85,10,7
85,32,23
85,65,101
85,81,1
85,115,1
85,116,1
85,147,1
85,170,1
85,172,9
86,10,115
86,11,30
86,17,31
86,23,3
86,25,7
86,32,383
86,38,1
86,46,29
86,50,4
86,60,7
86,61,18
86,64,1
86,65,138
86,67,4
86,75,2
86,80,8
86,81,6
86,83,20
86,89,4
86,92,22
86,100,3
86,102,1
86,104,1
86,115,14
86,116,2
86,120,11
86,126,2
86,128,2
86,129,1
86,132,1
86,133,8
86,134,3
86,143,5
86,147,2
86,149,22
86,154,388
86,155,44
86,156,25
86,158,5
86,164,26
86,168,3
86,170,46
86,172,382
86,178,11
87,7,18
87,8,1
87,10,4
87,11,66
87,17,41
87,32,114
87,43,5
87,46,3
87,47,234
87,50,3
87,60,13
87,61,499
87,64,1
87,65,87
87,67,3
87,75,2
87,81,37
87,83,6
87,96,1
87,97,1
87,102,1
87,115,69
87,120,18
87,128,51
87,132,2
87,134,5
87,144,14
87,149,11
87,154,294
87,155,12
87,168,10
87,170,11
87,172,628
87,173,2
88,10,81
88,11,29
88,17,32
88,22,3
88,32,815
88,36,3
88,50,6
88,51,10
88,54,7
88,58,3193
88,60,11
88,61,75
88,65,180
88,67,26
88,73,1
88,75,1
88,76,4
88,81,59
88,83,118
88,91,2
88,92,2
88,100,1
88,112,1
88,115,38
88,116,2
88,120,15
88,128,5
88,129,6
88,131,5
88,133,3
88,147,206
88,151,1
88,153,3
88,154,83
88,155,42
88,164,2
88,167,289
88,170,288
88,172,2258
89,10,41
89,11,2
89,17,7
89,23,1
89,32,38
89,43,1
89,50,1
89,53,1
89,61,9
89,65,5
89,75,1
89,78,20
89,79,8
89,81,40
89,83,4
89,92,1
89,100,1
89,115,8
89,116,7
89,120,8
89,154,19
89,156,5
89,158,1
89,170,749
89,172,107
90,7,3
90,10,9
90,11,273
90,17,70
90,32,82
90,46,3
90,47,21
90,50,5
90,53,1
90,60,20
90,61,283
90,65,104
90,67,2
90,81,2
90,83,4
90,91,7
90,115,36
90,116,5
90,119,2
90,120,27
90,126,2
90,128,39
90,131,2
90,132,4
90,134,51
90,147,6
90,149,4
90,154,184
90,155,23
90,164,204
90,168,10
90,170,28
90,172,986
91,10,6
91,11,2
91,17,2
91,32,62
91,61,39
91,65,11
91,81,6
91,134,6
91,154,8
91,155,2
91,172,44
91,173,5
92,8,19
92,10,485
92,11,63
92,16,2
92,17,109
92,23,399
92,25,18
92,28,1
92,32,867
92,45,1
92,46,39
92,47,4
92,50,24
92,53,6
92,60,11
92,61,117
92,64,6
92,65,521
92,66,7
92,67,9
92,75,13
92,81,13
92,82,2
92,83,348
92,86,3
92,89,5
92,97,2
92,100,5
92,102,1
92,104,1
92,113,10
92,115,37
92,116,2
92,120,30
92,126,1
92,127,1
92,128,2
92,130,1
92,133,4
92,134,8
92,140,2
92,147,3
92,149,2
92,154,532
92,155,44
92,156,26
92,164,7
92,168,7
92,170,129
92,172,413
92,179,6
92,180,1
93,32,6
93,81,1
93,83,1
93,147,3
93,170,1
93,172,5
94,3,1
94,4,155
94,7,51
94,10,27
94,11,22
94,16,1
94,17,18
94,23,258
94,28,1040
94,31,14
94,32,139
94,34,10
94,35,2
94,40,2
94,41,2
94,46,1
94,47,3
94,49,8
94,53,6
94,54,1
94,60,4
94,61,218
94,62,2
94,63,67
94,65,61
94,66,2788
94,70,1768
94,71,5
94,75,2
94,81,25
94,82,2
94,83,702
94,95,23
94,100,10
94,102,2
94,103,1
94,109,4
94,110,1
94,115,222
94,118,2
94,119,9
94,120,22
94,123,3
94,127,2
94,129,3
94,131,7
94,132,1
94,133,2
94,138,7
94,139,61
94,141,730
94,147,86
94,149,4
94,153,2
94,154,22
94,155,49
94,158,2
94,162,1
94,164,4
94,167,3
94,168,3
94,170,7
94,172,1266
94,173,1
94,176,4
94,179,19
94,180,1
95,3,13
95,4,1
95,10,626
95,11,24
95,16,11
95,17,39
95,23,3
95,25,1
95,32,230
95,43,2
95,46,1
95,47,9
95,50,15
95,54,1
95,60,17
95,61,143
95,65,334
95,67,26
95,75,3
95,76,3
95,77,1
95,81,174
95,83,392
95,92,6
95,97,5
95,100,1
95,102,1544
95,104,1
95,109,8
95,115,339
95,116,16
95,118,1
95,119,2
95,120,37
95,122,4
95,128,11
95,129,11
95,131,4
95,132,2
95,133,2
95,134,2
95,140,10
95,143,7
95,147,1
95,149,3
95,151,2
95,154,375
95,155,250
95,156,5
95,161,1
95,164,20
95,168,1
95,170,1138
95,172,212
96,17,7
96,32,62
96,53,1
96,61,12
96,65,5
96,81,14
96,123,1
96,154,3
96,172,38
96,173,1
97,65,2
98,11,3
98,17,3
98,32,16
98,61,216
98,65,2
98,67,1
98,83,15
98,116,4
98,123,2
98,155,4
98,168,2
98,172,18
99,32,29
99,60,4
99,61,1
99,65,4
99,81,38
99,83,3
99,115,3
99,120,4
99,147,23
99,154,1
99,167,1
99,170,286
99,172,28
99,179,1
100,10,123
100,32,91
100,61,7
100,65,6
100,81,3
100,83,1
100,115,7
100,116,2
100,120,2
100,129,1
100,154,2
100,155,3
100,170,88
100,172,103
101,3,16
101,4,2
101,7,11
101,10,2
101,11,12
101,17,62
101,19,5
101,23,67
101,25,3
101,26,33574
101,27,5
101,28,5
101,31,4
101,32,74
101,35,3
101,41,2
101,46,1
101,50,1
101,53,3
101,54,9
101,60,6
101,61,4050
101,65,49
101,67,11
101,70,15
101,75,3
101,76,1
101,81,9
101,83,8334
101,94,19
101,97,2
101,100,3
101,102,16
101,103,50233
101,109,7
101,115,19
101,118,56012
101,119,136
101,120,8
101,129,8
101,131,6
101,132,1
101,143,5
101,147,6
101,149,1
101,154,23
101,155,18
101,161,85
101,163,2
101,164,1
101,168,2
101,170,18
101,172,1239
101,178,1
101,179,1
101,180,2
102,172,1
103,10,7
103,11,2
103,17,1
103,32,3
103,61,10
103,65,3
103,81,6
103,83,5
103,149,2
103,155,1
103,170,35
103,172,28
104,7,1
104,10,4
104,11,1
104,23,5
104,32,6414
104,33,3
104,42,3
104,55,3
104,61,16
104,65,20
104,83,5
104,115,2
104,116,3
104,123,4
104,149,11
104,162,6
104,170,6
104,172,4822
104,173,4
106,172,3
107,10,46
107,11,200
107,32,131
107,47,4
107,50,1
107,61,384
107,65,36
107,75,1
107,81,4
107,82,1
107,83,6
107,115,46
107,128,19
107,154,283
107,155,86
107,170,77
107,172,874
108,2,2
108,11,16
108,21,2
108,32,21
108,61,79
108,65,237
108,81,6
108,83,61
108,97,14
108,115,2
108,120,4
108,154,62
108,155,43
108,172,102
109,7,2
109,10,19
109,11,23
109,17,61
109,23,5
109,25,2
109,31,2
109,32,167
109,43,1
109,46,1
109,47,3
109,50,8
109,53,4
109,60,19
109,61,254
109,65,161
109,67,42
109,75,2
109,80,1
109,81,10
109,83,346
109,86,1
109,89,2
109,90,1
109,97,1
109,102,21
109,104,2
109,108,2
109,115,22
109,120,31
109,124,1
109,128,2
109,129,7
109,131,2
109,133,1
109,144,1
109,147,6
109,149,51
109,154,170
109,155,38
109,156,6
109,158,2
109,164,32
109,170,134
109,172,117
110,10,5
110,23,1
110,27,1
110,32,6
110,61,10
110,65,12
110,81,7
110,83,2
110,88,3
110,120,1
110,147,3
110,149,1
110,168,1
110,170,3
110,172,1
111,10,495
111,11,34
111,15,231948
111,17,10
111,30,19
111,32,223
111,47,160
111,50,54
111,60,27
111,61,311
111,65,708
111,67,13
111,75,3
111,77,15735
111,78,686
111,81,13
111,82,1
111,83,31
111,85,1826
111,100,88637
111,102,1
111,113,4
111,114,156
111,115,878
111,116,22
111,120,148
111,122,24
111,127,6
111,129,1
111,131,213
111,133,43
111,147,3
111,149,2
111,154,26
111,155,53
111,158,106349
111,170,942
111,172,1999
111,178,1
112,17,1
112,22,914
112,32,282
112,61,1
112,65,2
112,81,2
112,83,4
112,115,4
112,126,1
112,147,4
112,170,14
112,172,47
112,179,1
114,10,199
114,11,47
114,17,13
114,23,5
114,32,1304
114,38,1
114,40,2
114,46,1
114,47,1
114,50,7
114,53,5
114,60,4
114,61,119
114,65,45
114,67,1
114,75,9
114,76,2
114,81,1
114,82,1
114,83,56
114,97,1
114,100,6
114,102,1
114,105,3
114,113,3
114,115,416
114,116,12
114,120,13
114,128,7
114,129,1
114,131,5
114,132,1
114,149,6
114,154,19
114,155,18
114,158,11
114,168,2
114,170,110
114,172,6605
115,10,2
115,32,44
115,65,12
115,120,1
115,154,2
115,172,8
116,10,8
116,32,1
116,65,8
116,154,1
116,172,1
117,7,2
117,11,1
117,23,1
117,32,142
117,40,14
117,42,452
117,53,1
117,55,9
117,61,1
117,69,99
117,74,11
117,83,7
117,104,17
117,123,173
117,149,11
117,154,6
117,155,1
117,170,1
117,172,523
117,176,4
118,10,2
118,11,1
118,17,83
118,28,4
118,32,85
118,35,401
118,53,1
118,60,2
118,61,52
118,62,1
118,65,45
118,70,4
118,81,4
118,82,1
118,83,326
118,109,3
118,115,16
118,120,180
118,126,1
118,131,1
118,147,5
118,154,2
118,155,10
118,170,7
118,172,153
119,3,1
119,7,44
119,8,1
119,10,148
119,11,393
119,13,1
119,17,37
119,20,1
119,23,100
119,28,19
119,31,71840
119,32,4502
119,35,5689
119,36,3
119,41,5
119,42,20
119,43,10
119,46,8
119,47,13
119,50,14
119,53,25
119,54,5
119,58,1
119,59,1
119,60,165
119,61,1250
119,64,1
119,65,981
119,66,9
119,67,231
119,70,8
119,75,39
119,76,2
119,81,438
119,82,4
119,83,9931
119,86,1
119,88,2
119,91,2
119,96,4
119,97,6
119,100,3
119,102,47
119,103,13
119,104,22
119,108,1
119,109,8
119,115,299
119,116,2
119,118,68321
119,123,10
119,126,15
119,128,9
119,129,25
119,131,8
119,132,1
119,133,6
119,134,4
119,139,7
119,143,1
119,144,2
119,147,9
119,149,13
119,153,1
119,154,398
119,155,179
119,158,1
119,161,8
119,162,5
119,164,8
119,168,5
119,170,1679
119,172,908
119,173,11
119,176,4
119,178,1
120,32,2
120,65,2
120,115,1
120,154,3
120,170,3
120,172,1
121,10,3
121,32,13
121,65,3
121,86,1
121,92,1
121,100,2
121,127,1
121,147,3
121,163,1
121,170,8
121,172,1
122,1,257523
122,7,33
122,10,3333
122,11,203
122,12,18
122,14,1
122,17,188
122,19,5
122,20,3
122,23,133
122,25,7
122,26,1
122,27,1
122,28,1
122,30,1
122,32,7207
122,37,2
122,38,13
122,40,1
122,43,3
122,46,17
122,47,20
122,50,60
122,51,6
122,53,29
122,57,2
122,59,2
122,60,45
122,61,961
122,65,4702
122,66,13
122,67,522
122,75,47
122,76,2
122,77,1
122,78,344
122,79,10
122,81,167
122,83,9202
122,85,24
122,86,4
122,88,6
122,91,3
122,92,2
122,94,1
122,96,5
122,97,1
122,98,6
122,100,237
122,101,21
122,102,48
122,104,5
122,113,71
122,114,261
122,115,390
122,116,49
122,120,90
122,121,1
122,124,26
122,126,1
122,127,24
122,128,14
122,129,31
122,130,1
122,131,69
122,132,1
122,133,34
122,134,3
122,143,3
122,144,1
122,147,37
122,149,287
122,150,631
122,154,322
122,155,112
122,156,66
122,157,8
122,158,554
122,162,4
122,164,41
122,167,135
122,168,9
122,170,6319
122,172,3111
122,176,1
123,10,335
123,60,1
123,116,2
123,172,1
124,7,8
124,23,7
124,32,42
124,53,1
124,61,5
124,65,2
124,83,1
124,155,3
124,170,1
124,172,21
125,2,1
125,7,548
125,10,6
125,11,1
125,17,4
125,20,514
125,23,45
125,32,1080
125,36,118
125,40,1
125,42,15
125,50,1
125,53,93
125,55,1
125,61,290
125,65,42
125,83,44
125,97,3
125,104,10
125,115,10
125,117,2
125,120,8
125,123,23
125,129,2
125,149,1
125,154,15
125,155,9
125,170,1
125,172,696
125,173,8
125,176,7
126,10,34
126,11,7
126,23,1
126,32,277
126,38,2
126,46,8
126,51,3
126,54,1
126,60,1
126,61,2
126,65,28
126,67,7
126,81,1
126,83,6
126,86,1
126,100,6
126,115,9
126,128,1
126,154,15
126,155,6
126,164,2
126,170,6
126,172,169
127,10,1
127,17,167
127,23,2
127,32,175
127,53,1
127,61,144
127,65,703
127,81,50
127,120,1
127,126,4
127,147,1
127,154,3
127,155,4
127,170,4
127,172,34
127,176,3
128,20,1
128,32,9
128,61,1
128,65,3
128,134,1
128,155,3
128,170,1
128,172,9
129,32,6
129,65,1
129,170,3
129,172,10
130,10,46
130,11,2
130,32,174
130,50,1
130,65,82
130,83,1
130,116,1
130,120,2
130,154,6
130,170,9
130,172,29
131,11,121
131,17,3
131,21,2
131,32,179
131,43,2
131,46,18
131,47,25
131,60,6
131,61,347
131,65,44
131,67,11
131,75,4
131,76,2
131,81,106
131,83,106
131,97,2
131,115,5
131,120,4
131,128,3
131,134,24
131,154,3
131,155,14
131,170,21
131,172,1237
132,7,51
132,10,10
132,11,20
132,17,41
132,23,1
132,32,334
132,40,7
132,42,1
132,47,81
132,61,156
132,65,170
132,75,34
132,81,323
132,83,5
132,104,7
132,115,7
132,120,7
132,123,2
132,126,1
132,149,4
132,154,70
132,155,22
132,170,12
132,172,369
133,2,1
133,7,62
133,8,1
133,10,56
133,11,15526
133,12,539
133,17,2733
133,20,5
133,23,9
133,32,1178
133,36,2
133,38,2
133,42,19
133,43,13
133,46,64
133,47,319
133,50,1026
133,53,29
133,54,19
133,57,16
133,60,772
133,61,14195
133,64,255
133,65,4856
133,67,12
133,75,36
133,76,9
133,81,170
133,83,200
133,86,25
133,91,14
133,96,624
133,97,34
133,100,4
133,102,12
133,104,11
133,115,465
133,116,3
133,120,1851
133,122,7
133,123,2
133,125,8
133,126,16
133,127,1
133,128,12304
133,129,23
133,131,10
133,132,8
133,138,2
133,143,1
133,144,13
133,147,13
133,149,146
133,154,2003
133,155,710
133,156,2
133,164,5
133,165,1
133,168,116
133,170,541
133,172,5905
133,173,11
134,4,273
134,7,1
134,10,36
134,11,21
134,16,1
134,17,897
134,22,28
134,23,18
134,25,1
134,26,46
134,27,304
134,28,82
134,31,858
134,32,1620
134,34,173
134,35,13
134,38,17
134,40,1
134,41,8549
134,46,4
134,47,1
134,49,245052
134,50,17
134,54,4
134,58,11
134,60,23
134,61,2795
134,62,33
134,63,1
134,65,188
134,66,36
134,67,9
134,70,10
134,72,4
134,77,5
134,81,62
134,82,1
134,83,15
134,88,813
134,94,1
134,97,20
134,99,2116
134,100,1
134,101,10
134,103,1
134,104,1
134,110,849
134,112,132
134,115,132
134,116,1
134,118,26
134,119,1
134,120,99
134,122,1
134,123,1
134,127,12
134,128,4
134,129,3
134,131,2
134,133,8
134,139,274
134,147,1881
134,149,13
134,153,136
134,154,38
134,155,164
134,158,1
134,161,211
134,163,6
134,167,14714
134,168,4
134,170,117
134,172,1048
134,176,3
134,179,1548
134,180,764
135,32,992
135,170,10
135,172,9
136,10,1
137,10,70
137,11,3
137,17,1
137,21,1
137,32,101
137,37,1
137,47,3
137,50,1
137,53,3
137,54,2
137,60,1
137,61,5
137,65,15
137,67,2
137,77,3
137,81,7
137,83,6
137,92,2
137,100,1
137,102,1
137,115,13
137,116,44
137,120,1
137,127,2
137,129,1
137,154,29
137,155,2
137,156,6
137,158,1
137,164,2
137,168,1
137,170,71
137,172,293
137,178,6
138,7,47
138,10,4
138,11,8
138,17,404
138,23,9
138,27,1
138,32,241
138,36,2
138,43,1
138,47,1
138,60,3
138,61,798
138,63,7392
138,65,41
138,67,46
138,70,1
138,71,8601
138,75,2
138,76,2
138,81,1
138,83,3037
138,97,1
138,102,3
138,103,48
138,109,36
138,115,30
138,120,2
138,126,1
138,128,5
138,129,7
138,133,2
138,143,1
138,147,4
138,149,5
138,154,31
138,155,31
138,163,1
138,164,4
138,167,1
138,170,68
138,172,357
139,2,59
139,10,10
139,11,2199
139,17,92
139,20,1
139,21,86
139,23,92
139,25,1
139,32,398
139,40,7
139,43,200
139,46,59
139,47,9
139,50,313
139,53,14
139,54,1
139,57,4
139,60,167
139,61,12500
139,65,9157
139,67,26
139,75,45
139,76,3
139,81,200
139,83,2620
139,97,270
139,102,5
139,104,2
139,108,1613
139,115,158
139,120,309
139,126,64
139,128,3
139,129,1
139,133,2
139,143,1
139,144,65
139,147,2
139,149,3
139,154,2390
139,155,3158
139,159,678
139,161,1
139,168,5
139,170,196
139,172,1396
139,176,5
139,179,2
140,4,374
140,7,39
140,10,38
140,11,30
140,17,30
140,22,1
140,23,139
140,32,121
140,40,3
140,41,3
140,42,1
140,46,22
140,47,5
140,49,1
140,50,1
140,53,1
140,54,1
140,60,6
140,61,478
140,62,10
140,63,119
140,65,341
140,66,118
140,67,23
140,70,202
140,71,22
140,75,3
140,81,54
140,82,3
140,83,403
140,84,1
140,94,380
140,97,1
140,100,3
140,101,1
140,103,1
140,104,1
140,109,1
140,110,1
140,115,700
140,119,23
140,120,12
140,123,3
140,125,1
140,126,1
140,128,1
140,129,23
140,133,5
140,144,3
140,147,32
140,149,16
140,154,64
140,155,41
140,164,4
140,168,5
140,170,346
140,172,634
140,173,1
140,176,2
140,179,2
140,180,3
141,25,1
141,32,27
141,65,6
141,120,1
141,154,1
141,170,2
141,172,17
142,11,2
142,32,63
142,61,114
142,65,95
142,81,23
142,115,3
142,116,5
142,154,7
142,155,1
142,172,13
143,23,1
143,32,9
143,65,7
143,155,1
143,172,5
144,10,22
144,32,39
144,147,10
145,3,1
145,4,288
145,7,5
145,10,71
145,11,3406
145,15,6
145,16,1
145,17,648
145,19,1
145,22,330
145,23,45
145,25,46
145,27,18
145,30,1
145,32,2531
145,35,12
145,36,2
145,37,117
145,38,43
145,40,11
145,42,7
145,43,15
145,44,1
145,46,39
145,47,22
145,49,34
145,50,1260
145,51,12323
145,53,7
145,54,4491
145,56,2485
145,57,4
145,58,256669
145,60,3062
145,61,2007
145,62,3
145,63,1
145,65,4860
145,66,59
145,67,240
145,70,5
145,75,611
145,76,7
145,77,465
145,78,448
145,81,501
145,83,13068
145,85,4
145,86,601
145,88,417920
145,89,286
145,91,7
145,92,23
145,94,2
145,95,164
145,96,22
145,97,38
145,98,1
145,99,57
145,100,835
145,102,1865
145,103,5
145,104,1
145,110,208
145,112,10
145,113,60
145,114,11
145,115,17444
145,116,21
145,118,9
145,119,1
145,120,8600
145,122,375
145,123,1
145,124,6
145,126,2
145,127,12
145,128,48
145,129,50
145,130,8
145,131,3
145,133,20
145,135,3
145,138,16
145,139,1
145,140,1
145,143,188
145,144,48
145,147,41458
145,148,2
145,149,474
145,150,1
145,151,147
145,153,52
145,154,21501
145,155,4334
145,156,490
145,158,81
145,161,1
145,163,13
145,164,2364
145,167,27720
145,168,115
145,169,21
145,170,6977
145,171,150
145,172,2313
145,173,3
145,178,253215
145,179,2403
145,180,22
146,4,1
146,7,2
146,10,35
146,11,5
146,17,3
146,23,3
146,32,52
146,47,3
146,61,30
146,65,24
146,81,47
146,83,2
146,104,1
146,115,3
146,116,5
146,126,1
146,129,1
146,131,1
146,154,1
146,155,12
146,170,150
146,172,62
146,179,4
146,180,2
147,11,4
147,17,2
147,27,1
147,31,17
147,34,40
147,35,3
147,49,5597
147,54,1686
147,56,10
147,58,281508
147,60,2
147,61,3
147,65,19
147,67,4
147,82,127
147,83,60
147,86,6
147,88,95671
147,92,49
147,100,5
147,102,22
147,112,2
147,120,4
147,140,1
147,151,194404
147,155,3
147,156,79
147,164,3
147,167,199359
147,170,23
147,172,4
148,17,1
148,32,25
148,53,4
148,61,1
148,65,14
148,155,3
148,172,11
149,7,37
149,10,3556
149,11,54
149,17,387
149,19,5
149,20,1
149,23,18
149,25,2
149,28,1
149,30,5
149,32,8807
149,36,6
149,38,26
149,40,2
149,46,25
149,47,14
149,50,81
149,53,16
149,54,3
149,57,9
149,60,108
149,61,24220
149,64,1
149,65,3920
149,67,38
149,70,13
149,73,1
149,75,12
149,76,4
149,77,64208
149,78,319
149,81,20
149,83,707
149,85,51
149,86,5
149,88,14
149,89,1
149,91,2
149,96,9
149,97,2
149,100,1545
149,101,4
149,102,7
149,104,19
149,113,5
149,114,22
149,115,733
149,116,85
149,119,2
149,120,275
149,125,1
149,127,17
149,128,51
149,129,35
149,131,8
149,134,1
149,136,1
149,147,15
149,153,3
149,154,49
149,155,4989
149,158,152
149,161,2
149,162,2
149,164,14
149,168,9
149,170,5279
149,172,1313
150,3,4
150,4,313
150,7,3
150,10,58
150,11,277
150,15,1
150,17,123
150,19,2
150,22,11
150,23,58
150,25,20
150,26,9
150,28,10
150,30,1
150,31,145
150,32,509
150,34,1987
150,35,299750
150,40,1
150,41,24
150,42,1
150,43,4
150,46,8
150,47,17
150,50,66
150,51,5
150,53,5
150,54,11296
150,56,28
150,57,20
150,58,37785
150,60,18
150,61,4146
150,62,2
150,63,1
150,64,1
150,65,457
150,66,279
150,67,362
150,75,66
150,76,2
150,77,65
150,78,171
150,81,201
150,82,4647
150,83,2161
150,85,15
150,86,1815
150,88,3419
150,91,1
150,92,646
150,94,5
150,95,624
150,100,54
150,102,177
150,103,7
150,109,3
150,110,6
150,113,13
150,115,833
150,116,11
150,118,9
150,119,48
150,120,1619
150,122,2
150,123,4
150,124,18
150,127,4
150,128,4
150,129,3
150,131,9
150,132,8
150,133,18
150,134,5
150,139,2
150,140,1
150,141,8
150,143,5
150,144,6
150,146,3
150,147,192
150,148,241002
150,149,52
150,154,474
150,155,205
150,156,699
150,158,7
150,161,1
150,163,51
150,164,262
150,167,1992
150,168,62
150,169,5
150,170,6076
150,172,1362
150,173,1
150,178,71
150,179,37
150,180,11
151,32,8
151,172,11
153,31,1
153,32,134
153,53,1
153,65,1
153,67,1
153,81,11
153,83,8
153,115,1
153,147,10
153,154,1
153,170,50
153,172,1
154,10,1
154,32,3
154,65,3
154,147,1
154,172,8
155,32,11
155,65,1
155,115,1
155,172,4
156,2,3
156,5,1
156,6,15
156,7,276
156,8,16611
156,10,301
156,11,14894
156,12,8
156,16,138
156,17,4239
156,20,7
156,21,14
156,23,2271
156,25,13819
156,28,20
156,31,15
156,32,1513
156,33,2
156,35,6
156,36,13
156,37,14
156,40,7
156,41,4
156,42,8
156,43,23
156,44,41
156,45,1
156,46,3110
156,47,365
156,49,7
156,50,12988
156,51,3
156,52,1
156,53,17
156,54,117635
156,55,5
156,57,6
156,58,9
156,60,565
156,61,5179
156,62,2
156,64,475
156,65,115604
156,66,47
156,67,9101
156,68,1
156,75,476
156,76,37
156,77,41
156,78,61
156,80,244642
156,81,109
156,82,1
156,83,1460
156,84,3
156,85,59
156,86,628223
156,87,23
156,88,9
156,89,14
156,90,55
156,91,65
156,92,1062690
156,94,6
156,95,97
156,96,23
156,97,177
156,100,473
156,101,82
156,102,1328
156,103,215
156,104,18
156,108,2
156,109,2619
156,113,2
156,115,16184
156,116,52
156,118,6
156,119,32
156,120,4121
156,121,7
156,122,16
156,124,1
156,125,30
156,126,29
156,127,36
156,128,445
156,129,17
156,130,14
156,131,646
156,132,206
156,133,1591
156,134,1304
156,138,9
156,140,11
156,143,47
156,144,30
156,146,24
156,147,31
156,148,2
156,149,1992
156,150,4
156,151,2692
156,154,52707
156,155,8695
156,158,95
156,159,13
156,161,4
156,162,22
156,163,499
156,164,2503549
156,167,6
156,168,399
156,169,36
156,170,6496
156,172,5651
156,173,58
156,178,3011
156,179,6
157,10,1
157,11,97
157,16,12
157,17,13
157,32,53
157,46,1
157,47,4
157,50,5
157,54,11
157,57,1
157,60,7
157,61,35
157,64,3
157,65,103
157,79,2
157,81,12
157,83,2
157,96,5
157,97,1
157,115,45
157,120,15
157,128,1
157,132,4
157,134,24
157,154,50
157,155,4
157,156,2
157,164,14
157,168,14
157,170,3
157,172,250
158,10,15
158,32,33
158,50,2
158,60,1
158,61,5
158,65,46
158,81,2
158,83,2
158,100,17
158,116,1
158,120,31
158,127,2
158,131,1
158,154,12
158,155,1
158,170,25
158,172,26
159,7,9
159,10,4
159,11,136
159,17,101
159,21,5
159,23,6
159,32,92
159,46,2
159,50,4
159,60,4
159,61,323
159,65,459
159,76,4
159,81,2
159,83,191
159,97,1
159,102,3
159,104,1
159,115,1
159,123,1
159,128,1
159,129,2
159,149,1
159,154,72
159,155,184
159,170,19
159,172,147
159,179,2
160,10,14
160,83,4
160,100,1
160,147,1
161,3,4
161,4,1
161,7,2
161,10,3
161,11,14
161,17,174
161,23,17
161,26,15
161,28,30
161,31,13
161,32,188
161,35,2
161,47,6
161,53,2
161,60,5
161,61,693
161,62,13
161,63,24
161,65,1188
161,66,3041
161,67,4
161,70,9
161,71,1
161,75,4
161,81,36
161,83,1430
161,94,5
161,95,1
161,96,1
161,97,4
161,101,14
161,102,2
161,103,31
161,109,2
161,115,76
161,118,2
161,119,13
161,120,8
161,128,1
161,129,3
161,139,1
161,147,12
161,149,15
161,154,14
161,155,742
161,158,5
161,164,3
161,168,2
161,170,25
161,172,883
161,176,1
162,32,243
162,115,22
162,170,42
162,172,62
163,7,1
163,10,6
163,11,8
163,17,30
163,25,3
163,32,199
163,47,1
163,50,2
163,60,1
163,61,247
163,65,90
163,67,6
163,75,7
163,81,3
163,83,479
163,86,6
163,92,11
163,101,1
163,102,9
163,109,1
163,115,16
163,116,1
163,120,1
163,128,1
163,130,1
163,138,6
163,140,1
163,149,2
163,150,1
163,151,1
163,154,41
163,155,294
163,156,6
163,164,8
163,170,31
163,172,44
163,173,1
164,2,4
164,7,13
164,8,2
164,10,413
164,11,1125
164,17,627
164,25,11
164,32,1991
164,40,1
164,43,11
164,46,170
164,47,8
164,50,6
164,53,2
164,57,2
164,60,143
164,61,10652
164,64,1
164,65,20281
164,67,138
164,75,37
164,76,1
164,80,15557
164,81,13
164,82,2
164,83,2482
164,85,29
164,91,1
164,92,7
164,97,10
164,102,4
164,104,5
164,115,301
164,116,30
164,120,99
164,122,6
164,128,23
164,129,3
164,132,2
164,133,22
164,134,2
164,143,3
164,144,1
164,147,6
164,149,5
164,154,341
164,155,3544
164,156,6
164,168,11
164,170,984
164,172,418
164,176,2
165,7,2
165,10,2
165,11,6
165,17,3
165,32,18
165,47,5
165,53,2
165,54,4
165,57,2
165,60,2
165,61,14
165,65,29
165,83,3
165,87,1
165,90,2
165,97,7
165,102,2
165,115,20
165,120,7
165,128,22
165,132,2
165,134,12
165,154,30
165,155,4
165,164,3
165,168,8
165,170,22
165,172,221
166,172,14
167,4,6
167,10,50
167,11,16
167,17,27
167,22,22
167,23,2
167,25,1
167,27,1
167,28,1
167,31,2
167,32,713
167,34,4
167,37,1
167,38,5
167,41,1
167,43,3
167,47,4
167,49,26
167,50,62
167,53,1
167,54,9
167,57,1
167,58,23
167,60,12
167,61,100
167,65,112
167,66,7
167,67,13
167,70,3
167,75,6
167,78,1
167,81,41
167,83,52
167,86,1
167,88,637
167,93,3
167,94,1
167,110,3
167,112,4
167,115,492
167,116,1
167,120,114
167,122,1
167,124,1
167,126,1
167,128,4
167,129,3
167,131,24
167,135,4
167,143,7
167,146,2
167,147,729
167,151,3
167,153,6
167,154,578
167,155,35
167,158,1
167,164,22
167,168,1
167,170,966
167,172,1231
167,179,105
167,180,8
168,7,44
168,8,109
168,10,21
168,11,287
168,12,15
168,16,1089
168,17,122
168,20,1
168,23,3
168,25,1
168,32,1314
168,36,1
168,42,12
168,43,5
168,46,29
168,47,444
168,50,15
168,57,59
168,60,10
168,61,1038
168,64,668
168,65,320
168,67,85
168,75,17
168,76,12
168,81,103
168,83,1870
168,86,1
168,87,1
168,90,10
168,91,1
168,96,60
168,97,6
168,102,78
168,103,3
168,104,5
168,108,2
168,112,1
168,115,39
168,116,2
168,120,1
168,123,2
168,126,11
168,128,41
168,129,134
168,131,4
168,132,102
168,133,37
168,134,311407
168,140,9
168,143,18
168,144,2
168,147,8
168,149,2
168,154,133
168,155,16
168,157,2
168,159,1
168,162,2
168,164,1
168,170,85
168,172,1486
168,173,11
169,10,5
169,17,1
169,25,1
169,32,29
169,100,2
169,120,1
169,154,1
169,158,1
169,164,1
169,170,15
169,172,42
170,10,6
170,32,60
170,38,2
170,65,12
170,147,1
170,154,6
170,172,44
171,4,4
171,10,12
171,11,2
171,17,62
171,23,5
171,25,3
171,32,257
171,34,1
171,50,2
171,54,1
171,58,2
171,60,5
171,61,3
171,62,2
171,65,13
171,67,10
171,75,1
171,81,9
171,83,19
171,88,8
171,97,2
171,115,6
171,120,3
171,123,1
171,126,1
171,132,1
171,146,70
171,147,50
171,151,1
171,153,2
171,154,28
171,155,15
171,158,3
171,167,3
171,170,65
171,172,146
171,179,1
171,180,1
172,7,4
172,10,15
172,11,1
172,23,1
172,32,4573
172,53,6
172,61,1
172,65,159
172,75,2
172,104,1
172,115,1
172,120,3
172,123,1
172,128,2
172,134,5
172,154,21
172,155,1
172,170,35
173,17,1
173,23,1
173,32,73
173,53,1
173,61,1
173,65,2
173,83,4
173,97,1
173,155,1
173,172,6
174,2,4
174,10,26
174,11,140
174,17,22
174,32,271
174,42,1
174,43,3
174,46,4
174,47,99
174,50,11
174,53,4
174,54,2
174,60,17
174,61,216
174,65,78
174,66,2
174,67,13
174,75,7
174,76,1
174,77,3
174,79,7
174,81,23
174,83,7
174,87,26
174,90,26
174,91,12
174,96,15
174,97,1
174,102,2
174,115,135
174,116,2
174,120,200
174,122,7
174,128,12
174,129,1
174,131,8
174,132,9
174,134,98
174,138,1
174,144,1
174,149,10
174,154,998
174,155,54
174,157,2
174,158,3
174,164,66
174,168,59
174,170,64
174,172,1431
174,178,2
175,10,1
176,7,1
176,10,9
176,17,6
176,20,1
176,23,17
176,32,729
176,40,39
176,42,141
176,47,3
176,53,7
176,60,4
176,61,32
176,65,6
176,74,1
176,81,2
176,83,33
176,102,1
176,104,37
176,123,28
176,126,83
176,149,43
176,154,5
176,155,3
176,170,27
176,172,6193
176,173,3
177,10,94
177,11,32
177,17,42
177,23,4
177,28,9
177,30,45
177,32,114
177,37,300896
177,38,2
177,46,1
177,47,70
177,53,3
177,60,3
177,61,8132
177,65,1357
177,67,7
177,75,8
177,81,7
177,83,8
177,85,19
177,96,1
177,97,1
177,100,2
177,115,15
177,116,8
177,120,14
177,125,6
177,126,1
177,127,8
177,128,15
177,133,1
177,143,1
177,149,3
177,154,76
177,155,1130
177,158,201
177,168,5
177,170,533
177,172,266
177,178,15
178,3,3
178,7,15
178,8,3
178,10,13
178,11,30
178,12,3
178,14,9
178,16,13
178,17,27
178,28,3
178,32,215
178,35,1
178,37,2
178,44,11
178,46,3
178,50,3
178,51,6157
178,54,54
178,57,1
178,58,1088
178,60,10
178,61,63
178,65,140
178,67,6
178,75,10
178,77,5
178,78,6
178,81,5
178,83,58
178,86,47
178,87,1
178,88,5
178,92,7
178,96,1
178,100,55
178,108,1
178,109,461
178,115,74
178,116,2
178,120,181
178,128,3
178,129,2
178,131,5
178,132,3
178,134,41
178,138,4
178,143,1
178,144,3
178,146,5183
178,147,2
178,149,5
178,150,1
178,151,7
178,154,610
178,155,323
178,156,52
178,158,5
178,164,101
178,167,3
178,168,2
178,170,292
178,172,457
179,4,7
179,10,9
179,11,3
179,17,1
179,25,1
179,27,1
179,32,48
179,50,1
179,61,1
179,65,6
179,67,1
179,81,5
179,83,29
179,115,8
179,120,2
179,126,1
179,147,90
179,154,9
179,167,1
179,170,64
179,172,54
179,180,2
180,7,2
180,10,1009
180,11,23
180,17,1
180,22,678
180,23,4
180,25,1
180,32,2368
180,43,1
180,50,8
180,53,5
180,54,9
180,60,1
180,61,34
180,65,46
180,67,4
180,75,4
180,81,191
180,82,1
180,88,4
180,93,6
180,96,1
180,100,3
180,112,42
180,115,43
180,116,40
180,120,19
180,123,2
180,129,1
180,132,1
180,133,5
180,144,2
180,147,6358
180,149,2
180,153,7
180,154,31
180,155,18
180,168,1
180,170,9045
180,172,1316
180,173,1
180,179,6
